id;event_date;event_type;event_topic;event_detail;redline
1;2020-01-27T13:39:00;Change;attitude-oriented;Auto Loan Account extranet Computers;Florida Home South Africa
2;2020-01-26T22:47:46;Message;generate connect;Proactive copying architectures;architectures Administrator
3;2020-01-27T15:49:04;Message;Operations;Prairie zero administration azure;primary relationships purple
4;2020-01-27T05:05:44;Message;upward-trending overriding;Ergonomic Fresh Chicken Administrator overriding;Forest monetize Brook
5;2020-01-26T20:51:27;Change;Small Granite Salad convergence;Rustic Steel Bacon Analyst Assistant;GB program
6;2020-01-26T23:50:26;Approval;firewall Grocery;Berkshire American Samoa Fish;Rustic
7;2020-01-27T12:43:45;Message;lavender relationships payment;connect schemas Orchestrator;Fantastic
8;2020-01-27T04:31:23;Message;online;Armenia Producer;Identity
9;2020-01-26T22:23:10;Message;Berkshire Savings Account model;mindshare;1080p
10;2020-01-26T21:45:48;Change;Baby Vision-oriented;parse USB;Human hard drive
